Date,Value,Column_Order,Description,Unit
1973-01,7.223873,12,Total Primary Energy Consumption,Quadrillion Btu
1973-02,6.592366,12,Total Primary Energy Consumption,Quadrillion Btu
1973-03,6.521439,12,Total Primary Energy Consumption,Quadrillion Btu
1973-04,5.941729,12,Total Primary Energy Consumption,Quadrillion Btu
1973-05,6.07194,12,Total Primary Energy Consumption,Quadrillion Btu
1973-06,5.802683,12,Total Primary Energy Consumption,Quadrillion Btu
1973-07,5.951909,12,Total Primary Energy Consumption,Quadrillion Btu
1973-08,6.191657,12,Total Primary Energy Consumption,Quadrillion Btu
1973-09,5.773515,12,Total Primary Energy Consumption,Quadrillion Btu
1973-10,6.174862,12,Total Primary Energy Consumption,Quadrillion Btu
1973-11,6.519033,12,Total Primary Energy Consumption,Quadrillion Btu
1973-12,6.886904,12,Total Primary Energy Consumption,Quadrillion Btu
1974-01,6.904043,12,Total Primary Energy Consumption,Quadrillion Btu
1974-02,6.3143,12,Total Primary Energy Consumption,Quadrillion Btu
1974-03,6.370767,12,Total Primary Energy Consumption,Quadrillion Btu
1974-04,5.861066,12,Total Primary Energy Consumption,Quadrillion Btu
1974-05,5.864485,12,Total Primary Energy Consumption,Quadrillion Btu
1974-06,5.642248,12,Total Primary Energy Consumption,Quadrillion Btu
1974-07,5.985353,12,Total Primary Energy Consumption,Quadrillion Btu
1974-08,6.015502,12,Total Primary Energy Consumption,Quadrillion Btu
1974-09,5.711198,12,Total Primary Energy Consumption,Quadrillion Btu
1974-10,6.182018,12,Total Primary Energy Consumption,Quadrillion Btu
1974-11,6.235546,12,Total Primary Energy Consumption,Quadrillion Btu
1974-12,6.842659,12,Total Primary Energy Consumption,Quadrillion Btu
1975-01,7.056118,12,Total Primary Energy Consumption,Quadrillion Btu
1975-02,6.168996,12,Total Primary Energy Consumption,Quadrillion Btu
1975-03,6.383482,12,Total Primary Energy Consumption,Quadrillion Btu
1975-04,5.797914,12,Total Primary Energy Consumption,Quadrillion Btu
1975-05,5.491667,12,Total Primary Energy Consumption,Quadrillion Btu
1975-06,5.435627,12,Total Primary Energy Consumption,Quadrillion Btu
1975-07,5.669107,12,Total Primary Energy Consumption,Quadrillion Btu
1975-08,5.744318,12,Total Primary Energy Consumption,Quadrillion Btu
1975-09,5.498393,12,Total Primary Energy Consumption,Quadrillion Btu
1975-10,5.908704,12,Total Primary Energy Consumption,Quadrillion Btu
1975-11,5.850411,12,Total Primary Energy Consumption,Quadrillion Btu
1975-12,6.926691,12,Total Primary Energy Consumption,Quadrillion Btu
1976-01,7.312324,12,Total Primary Energy Consumption,Quadrillion Btu
1976-02,6.393452,12,Total Primary Energy Consumption,Quadrillion Btu
1976-03,6.391633,12,Total Primary Energy Consumption,Quadrillion Btu
1976-04,5.855319,12,Total Primary Energy Consumption,Quadrillion Btu
1976-05,5.793322,12,Total Primary Energy Consumption,Quadrillion Btu
1976-06,5.824544,12,Total Primary Energy Consumption,Quadrillion Btu
1976-07,6.024682,12,Total Primary Energy Consumption,Quadrillion Btu
1976-08,5.970726,12,Total Primary Energy Consumption,Quadrillion Btu
1976-09,5.739519,12,Total Primary Energy Consumption,Quadrillion Btu
1976-10,6.244598,12,Total Primary Energy Consumption,Quadrillion Btu
1976-11,6.729925,12,Total Primary Energy Consumption,Quadrillion Btu
1976-12,7.658479,12,Total Primary Energy Consumption,Quadrillion Btu
1977-01,7.852451,12,Total Primary Energy Consumption,Quadrillion Btu
1977-02,6.654863,12,Total Primary Energy Consumption,Quadrillion Btu
1977-03,6.573861,12,Total Primary Energy Consumption,Quadrillion Btu
1977-04,5.979305,12,Total Primary Energy Consumption,Quadrillion Btu
1977-05,5.997456,12,Total Primary Energy Consumption,Quadrillion Btu
1977-06,6.08589,12,Total Primary Energy Consumption,Quadrillion Btu
1977-07,6.195785,12,Total Primary Energy Consumption,Quadrillion Btu
1977-08,6.300623,12,Total Primary Energy Consumption,Quadrillion Btu
1977-09,6.080223,12,Total Primary Energy Consumption,Quadrillion Btu
1977-10,6.272418,12,Total Primary Energy Consumption,Quadrillion Btu
1977-11,6.485295,12,Total Primary Energy Consumption,Quadrillion Btu
1977-12,7.442248,12,Total Primary Energy Consumption,Quadrillion Btu
1978-01,7.721485,12,Total Primary Energy Consumption,Quadrillion Btu
1978-02,7.052381,12,Total Primary Energy Consumption,Quadrillion Btu
1978-03,6.965503,12,Total Primary Energy Consumption,Quadrillion Btu
1978-04,6.169931,12,Total Primary Energy Consumption,Quadrillion Btu
1978-05,6.337994,12,Total Primary Energy Consumption,Quadrillion Btu
1978-06,6.149904,12,Total Primary Energy Consumption,Quadrillion Btu
1978-07,6.34019,12,Total Primary Energy Consumption,Quadrillion Btu
1978-08,6.496081,12,Total Primary Energy Consumption,Quadrillion Btu
1978-09,6.087552,12,Total Primary Energy Consumption,Quadrillion Btu
1978-10,6.425237,12,Total Primary Energy Consumption,Quadrillion Btu
1978-11,6.685469,12,Total Primary Energy Consumption,Quadrillion Btu
1978-12,7.474491,12,Total Primary Energy Consumption,Quadrillion Btu
1979-01,8.092205,12,Total Primary Energy Consumption,Quadrillion Btu
1979-02,7.410205,12,Total Primary Energy Consumption,Quadrillion Btu
1979-03,7.150421,12,Total Primary Energy Consumption,Quadrillion Btu
1979-04,6.28742,12,Total Primary Energy Consumption,Quadrillion Btu
1979-05,6.346644,12,Total Primary Energy Consumption,Quadrillion Btu
1979-06,6.14307,12,Total Primary Energy Consumption,Quadrillion Btu
1979-07,6.276536,12,Total Primary Energy Consumption,Quadrillion Btu
1979-08,6.492996,12,Total Primary Energy Consumption,Quadrillion Btu
1979-09,6.052908,12,Total Primary Energy Consumption,Quadrillion Btu
1979-10,6.54322,12,Total Primary Energy Consumption,Quadrillion Btu
1979-11,6.679042,12,Total Primary Energy Consumption,Quadrillion Btu
1979-12,7.337632,12,Total Primary Energy Consumption,Quadrillion Btu
1980-01,7.565016,12,Total Primary Energy Consumption,Quadrillion Btu
1980-02,7.123145,12,Total Primary Energy Consumption,Quadrillion Btu
1980-03,7.021907,12,Total Primary Energy Consumption,Quadrillion Btu
1980-04,6.158453,12,Total Primary Energy Consumption,Quadrillion Btu
1980-05,6.00737,12,Total Primary Energy Consumption,Quadrillion Btu
1980-06,5.872463,12,Total Primary Energy Consumption,Quadrillion Btu
1980-07,6.135448,12,Total Primary Energy Consumption,Quadrillion Btu
1980-08,6.063599,12,Total Primary Energy Consumption,Quadrillion Btu
1980-09,5.970443,12,Total Primary Energy Consumption,Quadrillion Btu
1980-10,6.31659,12,Total Primary Energy Consumption,Quadrillion Btu
1980-11,6.420238,12,Total Primary Energy Consumption,Quadrillion Btu
1980-12,7.363795,12,Total Primary Energy Consumption,Quadrillion Btu
1981-01,7.639252,12,Total Primary Energy Consumption,Quadrillion Btu
1981-02,6.484509,12,Total Primary Energy Consumption,Quadrillion Btu
1981-03,6.60621,12,Total Primary Energy Consumption,Quadrillion Btu
1981-04,5.875206,12,Total Primary Energy Consumption,Quadrillion Btu
1981-05,5.93955,12,Total Primary Energy Consumption,Quadrillion Btu
1981-06,5.995702,12,Total Primary Energy Consumption,Quadrillion Btu
1981-07,6.208435,12,Total Primary Energy Consumption,Quadrillion Btu
1981-08,6.112916,12,Total Primary Energy Consumption,Quadrillion Btu
1981-09,5.820751,12,Total Primary Energy Consumption,Quadrillion Btu
1981-10,6.144075,12,Total Primary Energy Consumption,Quadrillion Btu
1981-11,6.13831,12,Total Primary Energy Consumption,Quadrillion Btu
1981-12,7.088566,12,Total Primary Energy Consumption,Quadrillion Btu
1982-01,7.448166,12,Total Primary Energy Consumption,Quadrillion Btu
1982-02,6.471248,12,Total Primary Energy Consumption,Quadrillion Btu
1982-03,6.544007,12,Total Primary Energy Consumption,Quadrillion Btu
1982-04,6.040586,12,Total Primary Energy Consumption,Quadrillion Btu
1982-05,5.602379,12,Total Primary Energy Consumption,Quadrillion Btu
1982-06,5.572673,12,Total Primary Energy Consumption,Quadrillion Btu
1982-07,5.835852,12,Total Primary Energy Consumption,Quadrillion Btu
1982-08,5.818627,12,Total Primary Energy Consumption,Quadrillion Btu
1982-09,5.549273,12,Total Primary Energy Consumption,Quadrillion Btu
1982-10,5.726507,12,Total Primary Energy Consumption,Quadrillion Btu
1982-11,5.978943,12,Total Primary Energy Consumption,Quadrillion Btu
1982-12,6.458452,12,Total Primary Energy Consumption,Quadrillion Btu
1983-01,6.907502,12,Total Primary Energy Consumption,Quadrillion Btu
1983-02,6.065647,12,Total Primary Energy Consumption,Quadrillion Btu
1983-03,6.431871,12,Total Primary Energy Consumption,Quadrillion Btu
1983-04,5.869679,12,Total Primary Energy Consumption,Quadrillion Btu
1983-05,5.692724,12,Total Primary Energy Consumption,Quadrillion Btu
1983-06,5.677988,12,Total Primary Energy Consumption,Quadrillion Btu
1983-07,5.941322,12,Total Primary Energy Consumption,Quadrillion Btu
1983-08,6.128631,12,Total Primary Energy Consumption,Quadrillion Btu
1983-09,5.699808,12,Total Primary Energy Consumption,Quadrillion Btu
1983-10,5.701452,12,Total Primary Energy Consumption,Quadrillion Btu
1983-11,5.935601,12,Total Primary Energy Consumption,Quadrillion Btu
1983-12,6.863357,12,Total Primary Energy Consumption,Quadrillion Btu
1984-01,7.654075,12,Total Primary Energy Consumption,Quadrillion Btu
1984-02,6.623097,12,Total Primary Energy Consumption,Quadrillion Btu
1984-03,6.858673,12,Total Primary Energy Consumption,Quadrillion Btu
1984-04,6.270456,12,Total Primary Energy Consumption,Quadrillion Btu
1984-05,6.170762,12,Total Primary Energy Consumption,Quadrillion Btu
1984-06,6.026485,12,Total Primary Energy Consumption,Quadrillion Btu
1984-07,6.155513,12,Total Primary Energy Consumption,Quadrillion Btu
1984-08,6.323114,12,Total Primary Energy Consumption,Quadrillion Btu
1984-09,5.761176,12,Total Primary Energy Consumption,Quadrillion Btu
1984-10,5.960973,12,Total Primary Energy Consumption,Quadrillion Btu
1984-11,6.100793,12,Total Primary Energy Consumption,Quadrillion Btu
1984-12,6.666436,12,Total Primary Energy Consumption,Quadrillion Btu
1985-01,7.377254,12,Total Primary Energy Consumption,Quadrillion Btu
1985-02,6.880264,12,Total Primary Energy Consumption,Quadrillion Btu
1985-03,6.577553,12,Total Primary Energy Consumption,Quadrillion Btu
1985-04,6.10613,12,Total Primary Energy Consumption,Quadrillion Btu
1985-05,6.005352,12,Total Primary Energy Consumption,Quadrillion Btu
1985-06,5.88048,12,Total Primary Energy Consumption,Quadrillion Btu
1985-07,6.187443,12,Total Primary Energy Consumption,Quadrillion Btu
1985-08,6.256987,12,Total Primary Energy Consumption,Quadrillion Btu
1985-09,5.759,12,Total Primary Energy Consumption,Quadrillion Btu
1985-10,6.026246,12,Total Primary Energy Consumption,Quadrillion Btu
1985-11,6.059118,12,Total Primary Energy Consumption,Quadrillion Btu
1985-12,7.219105,12,Total Primary Energy Consumption,Quadrillion Btu
1986-01,7.395548,12,Total Primary Energy Consumption,Quadrillion Btu
1986-02,6.620399,12,Total Primary Energy Consumption,Quadrillion Btu
1986-03,6.775964,12,Total Primary Energy Consumption,Quadrillion Btu
1986-04,6.109551,12,Total Primary Energy Consumption,Quadrillion Btu
1986-05,6.099383,12,Total Primary Energy Consumption,Quadrillion Btu
1986-06,6.015826,12,Total Primary Energy Consumption,Quadrillion Btu
1986-07,6.354208,12,Total Primary Energy Consumption,Quadrillion Btu
1986-08,6.223701,12,Total Primary Energy Consumption,Quadrillion Btu
1986-09,5.818638,12,Total Primary Energy Consumption,Quadrillion Btu
1986-10,6.039911,12,Total Primary Energy Consumption,Quadrillion Btu
1986-11,6.119265,12,Total Primary Energy Consumption,Quadrillion Btu
1986-12,7.027262,12,Total Primary Energy Consumption,Quadrillion Btu
1987-01,7.472334,12,Total Primary Energy Consumption,Quadrillion Btu
1987-02,6.729068,12,Total Primary Energy Consumption,Quadrillion Btu
1987-03,6.767036,12,Total Primary Energy Consumption,Quadrillion Btu
1987-04,6.313868,12,Total Primary Energy Consumption,Quadrillion Btu
1987-05,6.199256,12,Total Primary Energy Consumption,Quadrillion Btu
1987-06,6.280222,12,Total Primary Energy Consumption,Quadrillion Btu
1987-07,6.626659,12,Total Primary Energy Consumption,Quadrillion Btu
1987-08,6.514555,12,Total Primary Energy Consumption,Quadrillion Btu
1987-09,6.123881,12,Total Primary Energy Consumption,Quadrillion Btu
1987-10,6.362769,12,Total Primary Energy Consumption,Quadrillion Btu
1987-11,6.342057,12,Total Primary Energy Consumption,Quadrillion Btu
1987-12,7.277377,12,Total Primary Energy Consumption,Quadrillion Btu
1988-01,7.800316,12,Total Primary Energy Consumption,Quadrillion Btu
1988-02,7.308187,12,Total Primary Energy Consumption,Quadrillion Btu
1988-03,7.296746,12,Total Primary Energy Consumption,Quadrillion Btu
1988-04,6.449806,12,Total Primary Energy Consumption,Quadrillion Btu
1988-05,6.390836,12,Total Primary Energy Consumption,Quadrillion Btu
1988-06,6.507738,12,Total Primary Energy Consumption,Quadrillion Btu
1988-07,6.74603,12,Total Primary Energy Consumption,Quadrillion Btu
1988-08,6.988178,12,Total Primary Energy Consumption,Quadrillion Btu
1988-09,6.340877,12,Total Primary Energy Consumption,Quadrillion Btu
1988-10,6.586707,12,Total Primary Energy Consumption,Quadrillion Btu
1988-11,6.704226,12,Total Primary Energy Consumption,Quadrillion Btu
1988-12,7.54036,12,Total Primary Energy Consumption,Quadrillion Btu
1989-01,7.638756,12,Total Primary Energy Consumption,Quadrillion Btu
1989-02,7.229611,12,Total Primary Energy Consumption,Quadrillion Btu
1989-03,7.541181,12,Total Primary Energy Consumption,Quadrillion Btu
1989-04,6.660424,12,Total Primary Energy Consumption,Quadrillion Btu
1989-05,6.635392,12,Total Primary Energy Consumption,Quadrillion Btu
1989-06,6.693826,12,Total Primary Energy Consumption,Quadrillion Btu
1989-07,6.856063,12,Total Primary Energy Consumption,Quadrillion Btu
1989-08,7.028181,12,Total Primary Energy Consumption,Quadrillion Btu
1989-09,6.480979,12,Total Primary Energy Consumption,Quadrillion Btu
1989-10,6.790635,12,Total Primary Energy Consumption,Quadrillion Btu
1989-11,6.940305,12,Total Primary Energy Consumption,Quadrillion Btu
1989-12,8.24546,12,Total Primary Energy Consumption,Quadrillion Btu
1990-01,7.809232,12,Total Primary Energy Consumption,Quadrillion Btu
1990-02,7.003711,12,Total Primary Energy Consumption,Quadrillion Btu
1990-03,7.305266,12,Total Primary Energy Consumption,Quadrillion Btu
1990-04,6.76783,12,Total Primary Energy Consumption,Quadrillion Btu
1990-05,6.746036,12,Total Primary Energy Consumption,Quadrillion Btu
1990-06,6.756044,12,Total Primary Energy Consumption,Quadrillion Btu
1990-07,7.032232,12,Total Primary Energy Consumption,Quadrillion Btu
1990-08,7.279164,12,Total Primary Energy Consumption,Quadrillion Btu
1990-09,6.613366,12,Total Primary Energy Consumption,Quadrillion Btu
1990-10,6.807,12,Total Primary Energy Consumption,Quadrillion Btu
1990-11,6.771697,12,Total Primary Energy Consumption,Quadrillion Btu
1990-12,7.542281,12,Total Primary Energy Consumption,Quadrillion Btu
1991-01,8.073921,12,Total Primary Energy Consumption,Quadrillion Btu
1991-02,6.862154,12,Total Primary Energy Consumption,Quadrillion Btu
1991-03,7.139161,12,Total Primary Energy Consumption,Quadrillion Btu
1991-04,6.536529,12,Total Primary Energy Consumption,Quadrillion Btu
1991-05,6.654746,12,Total Primary Energy Consumption,Quadrillion Btu
1991-06,6.697966,12,Total Primary Energy Consumption,Quadrillion Btu
1991-07,7.098775,12,Total Primary Energy Consumption,Quadrillion Btu
1991-08,7.112442,12,Total Primary Energy Consumption,Quadrillion Btu
1991-09,6.657677,12,Total Primary Energy Consumption,Quadrillion Btu
1991-10,6.858583,12,Total Primary Energy Consumption,Quadrillion Btu
1991-11,7.006253,12,Total Primary Energy Consumption,Quadrillion Btu
1991-12,7.683275,12,Total Primary Energy Consumption,Quadrillion Btu
1992-01,7.983359,12,Total Primary Energy Consumption,Quadrillion Btu
1992-02,7.243264,12,Total Primary Energy Consumption,Quadrillion Btu
1992-03,7.348605,12,Total Primary Energy Consumption,Quadrillion Btu
1992-04,6.841699,12,Total Primary Energy Consumption,Quadrillion Btu
1992-05,6.698116,12,Total Primary Energy Consumption,Quadrillion Btu
1992-06,6.715212,12,Total Primary Energy Consumption,Quadrillion Btu
1992-07,7.159829,12,Total Primary Energy Consumption,Quadrillion Btu
1992-08,7.029232,12,Total Primary Energy Consumption,Quadrillion Btu
1992-09,6.682171,12,Total Primary Energy Consumption,Quadrillion Btu
1992-10,6.901629,12,Total Primary Energy Consumption,Quadrillion Btu
1992-11,7.078629,12,Total Primary Energy Consumption,Quadrillion Btu
1992-12,8.044434,12,Total Primary Energy Consumption,Quadrillion Btu
1993-01,7.906824,12,Total Primary Energy Consumption,Quadrillion Btu
1993-02,7.419792,12,Total Primary Energy Consumption,Quadrillion Btu
1993-03,7.811624,12,Total Primary Energy Consumption,Quadrillion Btu
1993-04,6.902829,12,Total Primary Energy Consumption,Quadrillion Btu
1993-05,6.645601,12,Total Primary Energy Consumption,Quadrillion Btu
1993-06,6.843169,12,Total Primary Energy Consumption,Quadrillion Btu
1993-07,7.307749,12,Total Primary Energy Consumption,Quadrillion Btu
1993-08,7.33322,12,Total Primary Energy Consumption,Quadrillion Btu
1993-09,6.815065,12,Total Primary Energy Consumption,Quadrillion Btu
1993-10,6.983065,12,Total Primary Energy Consumption,Quadrillion Btu
1993-11,7.280569,12,Total Primary Energy Consumption,Quadrillion Btu
1993-12,8.017696,12,Total Primary Energy Consumption,Quadrillion Btu
1994-01,8.584502,12,Total Primary Energy Consumption,Quadrillion Btu
1994-02,7.742177,12,Total Primary Energy Consumption,Quadrillion Btu
1994-03,7.663461,12,Total Primary Energy Consumption,Quadrillion Btu
1994-04,6.979179,12,Total Primary Energy Consumption,Quadrillion Btu
1994-05,6.886157,12,Total Primary Energy Consumption,Quadrillion Btu
1994-06,7.161985,12,Total Primary Energy Consumption,Quadrillion Btu
1994-07,7.390644,12,Total Primary Energy Consumption,Quadrillion Btu
1994-08,7.472473,12,Total Primary Energy Consumption,Quadrillion Btu
1994-09,6.881237,12,Total Primary Energy Consumption,Quadrillion Btu
1994-10,7.070616,12,Total Primary Energy Consumption,Quadrillion Btu
1994-11,7.148136,12,Total Primary Energy Consumption,Quadrillion Btu
1994-12,8.004003,12,Total Primary Energy Consumption,Quadrillion Btu
1995-01,8.22088,12,Total Primary Energy Consumption,Quadrillion Btu
1995-02,7.595771,12,Total Primary Energy Consumption,Quadrillion Btu
1995-03,7.74118,12,Total Primary Energy Consumption,Quadrillion Btu
1995-04,7.105608,12,Total Primary Energy Consumption,Quadrillion Btu
1995-05,7.150668,12,Total Primary Energy Consumption,Quadrillion Btu
1995-06,7.231937,12,Total Primary Energy Consumption,Quadrillion Btu
1995-07,7.626033,12,Total Primary Energy Consumption,Quadrillion Btu
1995-08,7.917379,12,Total Primary Energy Consumption,Quadrillion Btu
1995-09,7.135606,12,Total Primary Energy Consumption,Quadrillion Btu
1995-10,7.22426,12,Total Primary Energy Consumption,Quadrillion Btu
1995-11,7.572346,12,Total Primary Energy Consumption,Quadrillion Btu
1995-12,8.410372,12,Total Primary Energy Consumption,Quadrillion Btu
1996-01,8.776632,12,Total Primary Energy Consumption,Quadrillion Btu
1996-02,8.104038,12,Total Primary Energy Consumption,Quadrillion Btu
1996-03,8.191767,12,Total Primary Energy Consumption,Quadrillion Btu
1996-04,7.361878,12,Total Primary Energy Consumption,Quadrillion Btu
1996-05,7.46309,12,Total Primary Energy Consumption,Quadrillion Btu
1996-06,7.446041,12,Total Primary Energy Consumption,Quadrillion Btu
1996-07,7.757828,12,Total Primary Energy Consumption,Quadrillion Btu
1996-08,7.869469,12,Total Primary Energy Consumption,Quadrillion Btu
1996-09,7.147233,12,Total Primary Energy Consumption,Quadrillion Btu
1996-10,7.617372,12,Total Primary Energy Consumption,Quadrillion Btu
1996-11,7.795705,12,Total Primary Energy Consumption,Quadrillion Btu
1996-12,8.404844,12,Total Primary Energy Consumption,Quadrillion Btu
1997-01,8.823702,12,Total Primary Energy Consumption,Quadrillion Btu
1997-02,7.787032,12,Total Primary Energy Consumption,Quadrillion Btu
1997-03,7.985146,12,Total Primary Energy Consumption,Quadrillion Btu
1997-04,7.523073,12,Total Primary Energy Consumption,Quadrillion Btu
1997-05,7.476447,12,Total Primary Energy Consumption,Quadrillion Btu
1997-06,7.465961,12,Total Primary Energy Consumption,Quadrillion Btu
1997-07,8.090954,12,Total Primary Energy Consumption,Quadrillion Btu
1997-08,7.909856,12,Total Primary Energy Consumption,Quadrillion Btu
1997-09,7.412831,12,Total Primary Energy Consumption,Quadrillion Btu
1997-10,7.677186,12,Total Primary Energy Consumption,Quadrillion Btu
1997-11,7.749814,12,Total Primary Energy Consumption,Quadrillion Btu
1997-12,8.606328,12,Total Primary Energy Consumption,Quadrillion Btu
1998-01,8.607437,12,Total Primary Energy Consumption,Quadrillion Btu
1998-02,7.64498,12,Total Primary Energy Consumption,Quadrillion Btu
1998-03,8.16864,12,Total Primary Energy Consumption,Quadrillion Btu
1998-04,7.510104,12,Total Primary Energy Consumption,Quadrillion Btu
1998-05,7.574503,12,Total Primary Energy Consumption,Quadrillion Btu
1998-06,7.714757,12,Total Primary Energy Consumption,Quadrillion Btu
1998-07,8.276443,12,Total Primary Energy Consumption,Quadrillion Btu
1998-08,8.225686,12,Total Primary Energy Consumption,Quadrillion Btu
1998-09,7.615079,12,Total Primary Energy Consumption,Quadrillion Btu
1998-10,7.608859,12,Total Primary Energy Consumption,Quadrillion Btu
1998-11,7.505881,12,Total Primary Energy Consumption,Quadrillion Btu
1998-12,8.468996,12,Total Primary Energy Consumption,Quadrillion Btu
1999-01,8.911858,12,Total Primary Energy Consumption,Quadrillion Btu
1999-02,7.808517,12,Total Primary Energy Consumption,Quadrillion Btu
1999-03,8.369508,12,Total Primary Energy Consumption,Quadrillion Btu
1999-04,7.655644,12,Total Primary Energy Consumption,Quadrillion Btu
1999-05,7.622287,12,Total Primary Energy Consumption,Quadrillion Btu
1999-06,7.804112,12,Total Primary Energy Consumption,Quadrillion Btu
1999-07,8.368275,12,Total Primary Energy Consumption,Quadrillion Btu
1999-08,8.376907,12,Total Primary Energy Consumption,Quadrillion Btu
1999-09,7.611091,12,Total Primary Energy Consumption,Quadrillion Btu
1999-10,7.713484,12,Total Primary Energy Consumption,Quadrillion Btu
1999-11,7.633346,12,Total Primary Energy Consumption,Quadrillion Btu
1999-12,8.670985,12,Total Primary Energy Consumption,Quadrillion Btu
2000-01,8.945504,12,Total Primary Energy Consumption,Quadrillion Btu
2000-02,8.402205,12,Total Primary Energy Consumption,Quadrillion Btu
2000-03,8.293302,12,Total Primary Energy Consumption,Quadrillion Btu
2000-04,7.669707,12,Total Primary Energy Consumption,Quadrillion Btu
2000-05,8.025775,12,Total Primary Energy Consumption,Quadrillion Btu
2000-06,8.002829,12,Total Primary Energy Consumption,Quadrillion Btu
2000-07,8.230406,12,Total Primary Energy Consumption,Quadrillion Btu
2000-08,8.542562,12,Total Primary Energy Consumption,Quadrillion Btu
2000-09,7.692331,12,Total Primary Energy Consumption,Quadrillion Btu
2000-10,7.760537,12,Total Primary Energy Consumption,Quadrillion Btu
2000-11,7.93999,12,Total Primary Energy Consumption,Quadrillion Btu
2000-12,9.198448,12,Total Primary Energy Consumption,Quadrillion Btu
2001-01,9.22901,12,Total Primary Energy Consumption,Quadrillion Btu
2001-02,8.072484,12,Total Primary Energy Consumption,Quadrillion Btu
2001-03,8.473235,12,Total Primary Energy Consumption,Quadrillion Btu
2001-04,7.638091,12,Total Primary Energy Consumption,Quadrillion Btu
2001-05,7.629046,12,Total Primary Energy Consumption,Quadrillion Btu
2001-06,7.652575,12,Total Primary Energy Consumption,Quadrillion Btu
2001-07,8.14438,12,Total Primary Energy Consumption,Quadrillion Btu
2001-08,8.30326,12,Total Primary Energy Consumption,Quadrillion Btu
2001-09,7.40056,12,Total Primary Energy Consumption,Quadrillion Btu
2001-10,7.717436,12,Total Primary Energy Consumption,Quadrillion Btu
2001-11,7.543843,12,Total Primary Energy Consumption,Quadrillion Btu
2001-12,8.259892,12,Total Primary Energy Consumption,Quadrillion Btu
2002-01,8.792693,12,Total Primary Energy Consumption,Quadrillion Btu
2002-02,7.856619,12,Total Primary Energy Consumption,Quadrillion Btu
2002-03,8.359275,12,Total Primary Energy Consumption,Quadrillion Btu
2002-04,7.75851,12,Total Primary Energy Consumption,Quadrillion Btu
2002-05,7.800433,12,Total Primary Energy Consumption,Quadrillion Btu
2002-06,7.890056,12,Total Primary Energy Consumption,Quadrillion Btu
2002-07,8.425786,12,Total Primary Energy Consumption,Quadrillion Btu
2002-08,8.344968,12,Total Primary Energy Consumption,Quadrillion Btu
2002-09,7.660322,12,Total Primary Energy Consumption,Quadrillion Btu
2002-10,7.801565,12,Total Primary Energy Consumption,Quadrillion Btu
2002-11,8.013093,12,Total Primary Energy Consumption,Quadrillion Btu
2002-12,8.832163,12,Total Primary Energy Consumption,Quadrillion Btu
2003-01,9.233323,12,Total Primary Energy Consumption,Quadrillion Btu
2003-02,8.431302,12,Total Primary Energy Consumption,Quadrillion Btu
2003-03,8.382907,12,Total Primary Energy Consumption,Quadrillion Btu
2003-04,7.668247,12,Total Primary Energy Consumption,Quadrillion Btu
2003-05,7.663915,12,Total Primary Energy Consumption,Quadrillion Btu
2003-06,7.642524,12,Total Primary Energy Consumption,Quadrillion Btu
2003-07,8.272435,12,Total Primary Energy Consumption,Quadrillion Btu
2003-08,8.391328,12,Total Primary Energy Consumption,Quadrillion Btu
2003-09,7.605784,12,Total Primary Energy Consumption,Quadrillion Btu
2003-10,7.781223,12,Total Primary Energy Consumption,Quadrillion Btu
2003-11,7.83561,12,Total Primary Energy Consumption,Quadrillion Btu
2003-12,8.926281,12,Total Primary Energy Consumption,Quadrillion Btu
2004-01,9.350304,12,Total Primary Energy Consumption,Quadrillion Btu
2004-02,8.733811,12,Total Primary Energy Consumption,Quadrillion Btu
2004-03,8.430967,12,Total Primary Energy Consumption,Quadrillion Btu
2004-04,7.793673,12,Total Primary Energy Consumption,Quadrillion Btu
2004-05,7.966313,12,Total Primary Energy Consumption,Quadrillion Btu
2004-06,7.982283,12,Total Primary Energy Consumption,Quadrillion Btu
2004-07,8.406337,12,Total Primary Energy Consumption,Quadrillion Btu
2004-08,8.354285,12,Total Primary Energy Consumption,Quadrillion Btu
2004-09,7.830388,12,Total Primary Energy Consumption,Quadrillion Btu
2004-10,7.947538,12,Total Primary Energy Consumption,Quadrillion Btu
2004-11,8.050412,12,Total Primary Energy Consumption,Quadrillion Btu
2004-12,9.156182,12,Total Primary Energy Consumption,Quadrillion Btu
2005-01,9.287429,12,Total Primary Energy Consumption,Quadrillion Btu
2005-02,8.283712,12,Total Primary Energy Consumption,Quadrillion Btu
2005-03,8.726282,12,Total Primary Energy Consumption,Quadrillion Btu
2005-04,7.714735,12,Total Primary Energy Consumption,Quadrillion Btu
2005-05,7.939029,12,Total Primary Energy Consumption,Quadrillion Btu
2005-06,8.172075,12,Total Primary Energy Consumption,Quadrillion Btu
2005-07,8.580751,12,Total Primary Energy Consumption,Quadrillion Btu
2005-08,8.687819,12,Total Primary Energy Consumption,Quadrillion Btu
2005-09,7.789281,12,Total Primary Energy Consumption,Quadrillion Btu
2005-10,7.782715,12,Total Primary Energy Consumption,Quadrillion Btu
2005-11,7.939547,12,Total Primary Energy Consumption,Quadrillion Btu
2005-12,9.198389,12,Total Primary Energy Consumption,Quadrillion Btu
2006-01,8.815186,12,Total Primary Energy Consumption,Quadrillion Btu
2006-02,8.190426,12,Total Primary Energy Consumption,Quadrillion Btu
2006-03,8.584288,12,Total Primary Energy Consumption,Quadrillion Btu
2006-04,7.709169,12,Total Primary Energy Consumption,Quadrillion Btu
2006-05,7.956212,12,Total Primary Energy Consumption,Quadrillion Btu
2006-06,8.146062,12,Total Primary Energy Consumption,Quadrillion Btu
2006-07,8.632133,12,Total Primary Energy Consumption,Quadrillion Btu
2006-08,8.731275,12,Total Primary Energy Consumption,Quadrillion Btu
2006-09,7.785762,12,Total Primary Energy Consumption,Quadrillion Btu
2006-10,8.01968,12,Total Primary Energy Consumption,Quadrillion Btu
2006-11,8.028324,12,Total Primary Energy Consumption,Quadrillion Btu
2006-12,8.793294,12,Total Primary Energy Consumption,Quadrillion Btu
2007-01,9.217789,12,Total Primary Energy Consumption,Quadrillion Btu
2007-02,8.750832,12,Total Primary Energy Consumption,Quadrillion Btu
2007-03,8.555148,12,Total Primary Energy Consumption,Quadrillion Btu
2007-04,7.915978,12,Total Primary Energy Consumption,Quadrillion Btu
2007-05,8.01359,12,Total Primary Energy Consumption,Quadrillion Btu
2007-06,8.090384,12,Total Primary Energy Consumption,Quadrillion Btu
2007-07,8.48329,12,Total Primary Energy Consumption,Quadrillion Btu
2007-08,8.81248,12,Total Primary Energy Consumption,Quadrillion Btu
2007-09,7.933705,12,Total Primary Energy Consumption,Quadrillion Btu
2007-10,7.964549,12,Total Primary Energy Consumption,Quadrillion Btu
2007-11,8.074189,12,Total Primary Energy Consumption,Quadrillion Btu
2007-12,9.081813,12,Total Primary Energy Consumption,Quadrillion Btu
2008-01,9.41029,12,Total Primary Energy Consumption,Quadrillion Btu
2008-02,8.649759,12,Total Primary Energy Consumption,Quadrillion Btu
2008-03,8.584342,12,Total Primary Energy Consumption,Quadrillion Btu
2008-04,7.832112,12,Total Primary Energy Consumption,Quadrillion Btu
2008-05,7.889878,12,Total Primary Energy Consumption,Quadrillion Btu
2008-06,8.03667,12,Total Primary Energy Consumption,Quadrillion Btu
2008-07,8.411947,12,Total Primary Energy Consumption,Quadrillion Btu
2008-08,8.21186,12,Total Primary Energy Consumption,Quadrillion Btu
2008-09,7.348855,12,Total Primary Energy Consumption,Quadrillion Btu
2008-10,7.779875,12,Total Primary Energy Consumption,Quadrillion Btu
2008-11,7.805137,12,Total Primary Energy Consumption,Quadrillion Btu
2008-12,8.793599,12,Total Primary Energy Consumption,Quadrillion Btu
2009-01,9.126375,12,Total Primary Energy Consumption,Quadrillion Btu
2009-02,7.866614,12,Total Primary Energy Consumption,Quadrillion Btu
2009-03,8.045558,12,Total Primary Energy Consumption,Quadrillion Btu
2009-04,7.334454,12,Total Primary Energy Consumption,Quadrillion Btu
2009-05,7.280292,12,Total Primary Energy Consumption,Quadrillion Btu
2009-06,7.530644,12,Total Primary Energy Consumption,Quadrillion Btu
2009-07,7.807674,12,Total Primary Energy Consumption,Quadrillion Btu
2009-08,7.955239,12,Total Primary Energy Consumption,Quadrillion Btu
2009-09,7.263741,12,Total Primary Energy Consumption,Quadrillion Btu
2009-10,7.463399,12,Total Primary Energy Consumption,Quadrillion Btu
2009-11,7.438,12,Total Primary Energy Consumption,Quadrillion Btu
2009-12,8.831041,12,Total Primary Energy Consumption,Quadrillion Btu
2010-01,9.12207,12,Total Primary Energy Consumption,Quadrillion Btu
2010-02,8.200866,12,Total Primary Energy Consumption,Quadrillion Btu
2010-03,8.189559,12,Total Primary Energy Consumption,Quadrillion Btu
2010-04,7.361723,12,Total Primary Energy Consumption,Quadrillion Btu
2010-05,7.665975,12,Total Primary Energy Consumption,Quadrillion Btu
2010-06,7.998152,12,Total Primary Energy Consumption,Quadrillion Btu
2010-07,8.366321,12,Total Primary Energy Consumption,Quadrillion Btu
2010-08,8.430768,12,Total Primary Energy Consumption,Quadrillion Btu
2010-09,7.682324,12,Total Primary Energy Consumption,Quadrillion Btu
2010-10,7.489785,12,Total Primary Energy Consumption,Quadrillion Btu
2010-11,7.786146,12,Total Primary Energy Consumption,Quadrillion Btu
2010-12,9.220542,12,Total Primary Energy Consumption,Quadrillion Btu
2011-01,9.286777,12,Total Primary Energy Consumption,Quadrillion Btu
2011-02,8.096854,12,Total Primary Energy Consumption,Quadrillion Btu
2011-03,8.325084,12,Total Primary Energy Consumption,Quadrillion Btu
2011-04,7.486272,12,Total Primary Energy Consumption,Quadrillion Btu
2011-05,7.569207,12,Total Primary Energy Consumption,Quadrillion Btu
2011-06,7.879953,12,Total Primary Energy Consumption,Quadrillion Btu
2011-07,8.371063,12,Total Primary Energy Consumption,Quadrillion Btu
2011-08,8.394966,12,Total Primary Energy Consumption,Quadrillion Btu
2011-09,7.552035,12,Total Primary Energy Consumption,Quadrillion Btu
2011-10,7.565711,12,Total Primary Energy Consumption,Quadrillion Btu
2011-11,7.775544,12,Total Primary Energy Consumption,Quadrillion Btu
2011-12,8.568678,12,Total Primary Energy Consumption,Quadrillion Btu
2012-01,8.666355,12,Total Primary Energy Consumption,Quadrillion Btu
2012-02,7.954506,12,Total Primary Energy Consumption,Quadrillion Btu
2012-03,7.663517,12,Total Primary Energy Consumption,Quadrillion Btu
2012-04,7.205389,12,Total Primary Energy Consumption,Quadrillion Btu
2012-05,7.600137,12,Total Primary Energy Consumption,Quadrillion Btu
2012-06,7.724107,12,Total Primary Energy Consumption,Quadrillion Btu
2012-07,8.285714,12,Total Primary Energy Consumption,Quadrillion Btu
2012-08,8.220671,12,Total Primary Energy Consumption,Quadrillion Btu
2012-09,7.359055,12,Total Primary Energy Consumption,Quadrillion Btu
2012-10,7.564448,12,Total Primary Energy Consumption,Quadrillion Btu
2012-11,7.757953,12,Total Primary Energy Consumption,Quadrillion Btu
2012-12,8.384662,12,Total Primary Energy Consumption,Quadrillion Btu
2013-01,8.972153,12,Total Primary Energy Consumption,Quadrillion Btu
2013-02,8.007429,12,Total Primary Energy Consumption,Quadrillion Btu
2013-03,8.3733,12,Total Primary Energy Consumption,Quadrillion Btu
2013-04,7.51368,12,Total Primary Energy Consumption,Quadrillion Btu
2013-05,7.604649,12,Total Primary Energy Consumption,Quadrillion Btu
2013-06,7.715212,12,Total Primary Energy Consumption,Quadrillion Btu
2013-07,8.262746,12,Total Primary Energy Consumption,Quadrillion Btu
2013-08,8.161546,12,Total Primary Energy Consumption,Quadrillion Btu
2013-09,7.629706,12,Total Primary Energy Consumption,Quadrillion Btu
2013-10,7.706898,12,Total Primary Energy Consumption,Quadrillion Btu
2013-11,8.119832,12,Total Primary Energy Consumption,Quadrillion Btu
2013-12,9.062807,12,Total Primary Energy Consumption,Quadrillion Btu
2014-01,9.586483,12,Total Primary Energy Consumption,Quadrillion Btu
2014-02,8.423459,12,Total Primary Energy Consumption,Quadrillion Btu
2014-03,8.517474,12,Total Primary Energy Consumption,Quadrillion Btu
2014-04,7.551892,12,Total Primary Energy Consumption,Quadrillion Btu
2014-05,7.643874,12,Total Primary Energy Consumption,Quadrillion Btu
2014-06,7.772385,12,Total Primary Energy Consumption,Quadrillion Btu
2014-07,8.223279,12,Total Primary Energy Consumption,Quadrillion Btu
2014-08,8.198856,12,Total Primary Energy Consumption,Quadrillion Btu
2014-09,7.637999,12,Total Primary Energy Consumption,Quadrillion Btu
2014-10,7.755148,12,Total Primary Energy Consumption,Quadrillion Btu
2014-11,8.192794,12,Total Primary Energy Consumption,Quadrillion Btu
2014-12,8.793278,12,Total Primary Energy Consumption,Quadrillion Btu
2015-01,9.294494,12,Total Primary Energy Consumption,Quadrillion Btu
2015-02,8.607225,12,Total Primary Energy Consumption,Quadrillion Btu
2015-03,8.429971,12,Total Primary Energy Consumption,Quadrillion Btu
2015-04,7.464733,12,Total Primary Energy Consumption,Quadrillion Btu
2015-05,7.64206,12,Total Primary Energy Consumption,Quadrillion Btu
2015-06,7.895194,12,Total Primary Energy Consumption,Quadrillion Btu
2015-07,8.425841,12,Total Primary Energy Consumption,Quadrillion Btu
2015-08,8.308934,12,Total Primary Energy Consumption,Quadrillion Btu
2015-09,7.682856,12,Total Primary Energy Consumption,Quadrillion Btu
2015-10,7.612678,12,Total Primary Energy Consumption,Quadrillion Btu
2015-11,7.672433,12,Total Primary Energy Consumption,Quadrillion Btu
2015-12,8.367728,12,Total Primary Energy Consumption,Quadrillion Btu
2016-01,9.054377,12,Total Primary Energy Consumption,Quadrillion Btu
2016-02,8.224631,12,Total Primary Energy Consumption,Quadrillion Btu
2016-03,7.982821,12,Total Primary Energy Consumption,Quadrillion Btu
2016-04,7.445814,12,Total Primary Energy Consumption,Quadrillion Btu
2016-05,7.576362,12,Total Primary Energy Consumption,Quadrillion Btu
2016-06,7.928655,12,Total Primary Energy Consumption,Quadrillion Btu
2016-07,8.459735,12,Total Primary Energy Consumption,Quadrillion Btu
2016-08,8.530155,12,Total Primary Energy Consumption,Quadrillion Btu
2016-09,7.74405,12,Total Primary Energy Consumption,Quadrillion Btu
2016-10,7.648668,12,Total Primary Energy Consumption,Quadrillion Btu
2016-11,7.711817,12,Total Primary Energy Consumption,Quadrillion Btu
2016-12,9.074258,12,Total Primary Energy Consumption,Quadrillion Btu
2017-01,8.975714,12,Total Primary Energy Consumption,Quadrillion Btu
2017-02,7.621171,12,Total Primary Energy Consumption,Quadrillion Btu
2017-03,8.430378,12,Total Primary Energy Consumption,Quadrillion Btu
2017-04,7.452592,12,Total Primary Energy Consumption,Quadrillion Btu
2017-05,7.793164,12,Total Primary Energy Consumption,Quadrillion Btu
2017-06,7.958662,12,Total Primary Energy Consumption,Quadrillion Btu
2017-07,8.421864,12,Total Primary Energy Consumption,Quadrillion Btu
2017-08,8.292366,12,Total Primary Energy Consumption,Quadrillion Btu
2017-09,7.617957,12,Total Primary Energy Consumption,Quadrillion Btu
2017-10,7.808368,12,Total Primary Energy Consumption,Quadrillion Btu
2017-11,8.097036,12,Total Primary Energy Consumption,Quadrillion Btu
2017-12,9.187347,12,Total Primary Energy Consumption,Quadrillion Btu
2018-01,9.664299,12,Total Primary Energy Consumption,Quadrillion Btu
2018-02,8.063531,12,Total Primary Energy Consumption,Quadrillion Btu
2018-03,8.705324,12,Total Primary Energy Consumption,Quadrillion Btu
2018-04,7.886119,12,Total Primary Energy Consumption,Quadrillion Btu
2018-05,7.986156,12,Total Primary Energy Consumption,Quadrillion Btu
2018-06,8.142891,12,Total Primary Energy Consumption,Quadrillion Btu
2018-07,8.610077,12,Total Primary Energy Consumption,Quadrillion Btu
2018-08,8.689603,12,Total Primary Energy Consumption,Quadrillion Btu
2018-09,7.863388,12,Total Primary Energy Consumption,Quadrillion Btu
2018-10,8.085771,12,Total Primary Energy Consumption,Quadrillion Btu
2018-11,8.515059,12,Total Primary Energy Consumption,Quadrillion Btu
2018-12,9.02803,12,Total Primary Energy Consumption,Quadrillion Btu
2019-01,9.547804,12,Total Primary Energy Consumption,Quadrillion Btu
2019-02,8.391774,12,Total Primary Energy Consumption,Quadrillion Btu
2019-03,8.707946,12,Total Primary Energy Consumption,Quadrillion Btu
2019-04,7.676307,12,Total Primary Energy Consumption,Quadrillion Btu
2019-05,7.952525,12,Total Primary Energy Consumption,Quadrillion Btu
2019-06,7.918271,12,Total Primary Energy Consumption,Quadrillion Btu
2019-07,8.563226,12,Total Primary Energy Consumption,Quadrillion Btu
2019-08,8.56635,12,Total Primary Energy Consumption,Quadrillion Btu
2019-09,7.867345,12,Total Primary Energy Consumption,Quadrillion Btu
2019-10,7.942221,12,Total Primary Energy Consumption,Quadrillion Btu
2019-11,8.396094,12,Total Primary Energy Consumption,Quadrillion Btu
2019-12,8.948239,12,Total Primary Energy Consumption,Quadrillion Btu
2020-01,8.974959,12,Total Primary Energy Consumption,Quadrillion Btu
2020-02,8.367983,12,Total Primary Energy Consumption,Quadrillion Btu
2020-03,7.884964,12,Total Primary Energy Consumption,Quadrillion Btu
2020-04,6.516376,12,Total Primary Energy Consumption,Quadrillion Btu
2020-05,6.829652,12,Total Primary Energy Consumption,Quadrillion Btu
2020-06,7.276318,12,Total Primary Energy Consumption,Quadrillion Btu
2020-07,8.067831,12,Total Primary Energy Consumption,Quadrillion Btu
2020-08,8.0142,12,Total Primary Energy Consumption,Quadrillion Btu
2020-09,7.30114,12,Total Primary Energy Consumption,Quadrillion Btu
2020-10,7.477217,12,Total Primary Energy Consumption,Quadrillion Btu
2020-11,7.582876,12,Total Primary Energy Consumption,Quadrillion Btu
2020-12,8.714053,12,Total Primary Energy Consumption,Quadrillion Btu
2021-01,8.939434,12,Total Primary Energy Consumption,Quadrillion Btu
2021-02,8.148638,12,Total Primary Energy Consumption,Quadrillion Btu
2021-03,8.119532,12,Total Primary Energy Consumption,Quadrillion Btu
2021-04,7.526169,12,Total Primary Energy Consumption,Quadrillion Btu
2021-05,7.731281,12,Total Primary Energy Consumption,Quadrillion Btu
2021-06,8.050457,12,Total Primary Energy Consumption,Quadrillion Btu
2021-07,8.41805,12,Total Primary Energy Consumption,Quadrillion Btu
2021-08,8.528827,12,Total Primary Energy Consumption,Quadrillion Btu
2021-09,7.724445,12,Total Primary Energy Consumption,Quadrillion Btu
2021-10,7.758761,12,Total Primary Energy Consumption,Quadrillion Btu
2021-11,8.144297,12,Total Primary Energy Consumption,Quadrillion Btu
2021-12,8.753643,12,Total Primary Energy Consumption,Quadrillion Btu
2022-01,9.508195,12,Total Primary Energy Consumption,Quadrillion Btu
2022-02,8.460574,12,Total Primary Energy Consumption,Quadrillion Btu
2022-03,8.543246,12,Total Primary Energy Consumption,Quadrillion Btu
2022-04,7.746131,12,Total Primary Energy Consumption,Quadrillion Btu
2022-05,7.935685,12,Total Primary Energy Consumption,Quadrillion Btu
2022-06,8.155757,12,Total Primary Energy Consumption,Quadrillion Btu
2022-07,8.584805,12,Total Primary Energy Consumption,Quadrillion Btu
2022-08,8.530444,12,Total Primary Energy Consumption,Quadrillion Btu
2022-09,7.782741,12,Total Primary Energy Consumption,Quadrillion Btu
2022-10,7.811175,12,Total Primary Energy Consumption,Quadrillion Btu
2022-11,8.285891,12,Total Primary Energy Consumption,Quadrillion Btu
2022-12,9.080175,12,Total Primary Energy Consumption,Quadrillion Btu